symbo;name;sector
700;TENCENT HOLDINGS LTD;Communication
9988;ALIBABA GROUP HOLDING LTD;Consumer Discretionary
PDD;PDD HOLDINGS ADS INC;Consumer Discretionary
3690;MEITUAN;Consumer Discretionary
939;CHINA CONSTRUCTION BANK CORP H;Financials
3988;BANK OF CHINA LTD H;Financials
1398;INDUSTRIAL AND COMMERCIAL BANK OF;Financials
1810;XIAOMI CORP;Information Technology
2318;PING AN INSURANCE (GROUP) CO OF CH;Financials
9618;JD.COM CLASS A INC;Consumer Discretionary
9999;NETEASE INC;Communication
9961;TRIP.COM GROUP LTD;Consumer Discretionary
9888;BAIDU CLASS A INC;Communication
1211;BYD LTD H;Consumer Discretionary
857;PETROCHINA LTD H;Energy
3968;CHINA MERCHANTS BANK LTD H;Financials
600519;KWEICHOW MOUTAI LTD A;Consumer Staples
1024;KUAISHOU TECHNOLOGY;Communication
386;CHINA PETROLEUM AND CHEMICAL CORP;Energy
1088;CHINA SHENHUA ENERGY LTD H;Energy
YUMC;YUM CHINA HOLDINGS INC;Consumer Discretionary
2020;ANTA SPORTS PRODUCTS LTD;Consumer Discretionary
1288;AGRICULTURAL BANK OF CHINA LTD H;Financials
2899;ZIJIN MINING GROUP LTD H;Materials
1109;CHINA RESOURCES LAND LTD;Real Estate
992;LENOVO GROUP LTD;Information Technology
2015;LI AUTO CLASS A INC;Consumer Discretionary
9901;NEW ORIENTAL EDUCATION & TECHNOLOG;Consumer Discretionary
9633;NONGFU SPRING LTD H;Consumer Staples
2628;CHINA LIFE INSURANCE LTD H;Financials
TME;TENCENT MUSIC ENTERTAINMENT GROUP;Communication
BEKE;KE HOLDINGS ADR REPRESENTING INC;Real Estate
ZTO;ZTO EXPRESS CAYMAN ADR REPRESENTIN;Industrials
6690;HAIER SMART HOME CLASS H LTD H;Consumer Discretionary
2328;PICC PROPERTY AND CASUALTY LTD H;Financials
2313;SHENZHOU INTERNATIONAL GROUP LTD;Consumer Discretionary
6160;BEIGENE LTD;Health Care
1093;CSPC PHARMACEUTICAL GROUP LTD;Health Care
688;CHINA OVERSEAS LAND INVESTMENT LTD;Real Estate
175;GEELY AUTOMOBILE HOLDINGS LTD;Consumer Discretionary
2688;ENN ENERGY HOLDINGS LTD;Utilities
HTHT;H WORLD GROUP ADR LTD;Consumer Discretionary
300750;CONTEMPORARY AMPEREX TECHNOLOGY LT;Industrials
291;CHINA RESOURCES BEER HOLDINGS LTD;Consumer Staples
2601;CHINA PACIFIC INSURANCE (GROUP) LT;Financials
3328;BANK OF COMMUNICATIONS LTD H;Financials
HKD;HKD CASH;Cash and/or Derivatives
2331;LI NING LTD;Consumer Discretionary
NIO;NIO AMERICAN DEPOSITARY SHARES REP;Consumer Discretionary
2319;CHINA MENGNIU DAIRY LTD;Consumer Staples
267;CITIC LTD;Industrials
600036;CHINA MERCHANTS BANK LTD A;Financials
2269;WUXI BIOLOGICS CAYMAN INC;Health Care
1171;YANKUANG ENERGY GROUP COMPANY LTD;Energy
998;CHINA CITIC BANK CORP LTD H;Financials
1801;INNOVENT BIOLOGICS INC;Health Care
VIPS;VIPSHOP HOLDINGS SPONSORED ADS REP;Consumer Discretionary
836;CHINA RESOURCES POWER LTD;Utilities
788;CHINA TOWER CORP LTD H;Communication
600900;CHINA YANGTZE POWER LTD A;Utilities
168;TSINGTAO BREWERY LTD H;Consumer Staples
TAL;TAL EDUCATION GROUP ADR REPTG;Consumer Discretionary
1919;COSCO SHIPPING HOLDINGS LTD H;Industrials
000858;WULIANGYE YIBIN LTD A;Consumer Staples
9868;XPENG CLASS A INC;Consumer Discretionary
BZ;KANZHUN AMERICAN DEPOSITORY SHARES;Communication
1658;POSTAL SAVINGS BANK OF CHINA LTD H;Financials
135;KUNLUN ENERGY LTD;Utilities
2333;GREAT WALL MOTOR COMPANY LTD H;Consumer Discretionary
1816;CGN POWER LTD H;Utilities
6618;JD HEALTH INTERNATIONAL INC;Consumer Staples
6862;HAIDILAO INTERNATIONAL HOLDING LTD;Consumer Discretionary
601318;PING AN INSURANCE (GROUP) OF CHINA;Financials
3800;GCL TECHNOLOGY HOLDINGS LTD;Information Technology
2382;SUNNY OPTICAL TECHNOLOGY LTD;Information Technology
1177;SINO BIOPHARMACEUTICAL LTD;Health Care
1099;SINOPHARM GROUP LTD H;Health Care
2338;WEICHAI POWER LTD H;Industrials
1378;CHINA HONGQIAO GROUP LTD;Materials
3993;CMOC GROUP LTD H;Materials
3606;FUYAO GLASS INDUSTRY GROUP LTD H;Consumer Discretionary
960;LONGFOR GROUP HOLDINGS LTD;Real Estate
285;BYD ELECTRONIC (INTERNATIONAL) LTD;Information Technology
968;XINYI SOLAR HOLDINGS LTD;Information Technology
1193;CHINA RESOURCES GAS GROUP LTD;Utilities
1339;THE PEOPLES INSURANCE CO (GROUP);Financials
601166;INDUSTRIAL BANK LTD A;Financials
601899;ZIJIN MINING GROUP LTD A;Materials
914;ANHUI CONCH CEMENT LTD H;Materials
916;CHINA LONGYUAN POWER GROUP CORP LT;Utilities
002594;BYD LTD A;Consumer Discretionary
268;KINGDEE INT L SOFTWARE GROUP LTD;Information Technology
601288;AGRICULTURAL BANK OF CHINA LTD A;Financials
3888;KINGSOFT CORP LTD;Communication
2600;ALUMINUM CORPORATION OF CHINA LTD;Materials
300760;SHENZHEN MINDRAY BIO-MEDICAL ELECT;Health Care
LEGN;LEGEND BIOTECH ADR REP CORP;Health Care
780;TONGCHENG TRAVEL HOLDINGS LTD;Consumer Discretionary
902;HUANENG POWER INTERNATIONAL INC H;Utilities
601398;INDUSTRIAL AND COMMERCIAL BANK OF;Financials
9626;BILIBILI INC;Communication
151;WANT WANT CHINA HOLDINGS LTD;Consumer Staples
6030;CITIC SECURITIES COMPANY LTD H;Financials
384;CHINA GAS HOLDINGS LTD;Utilities
1766;CRRC CORP LTD H;Industrials
3692;HANSOH PHARMACEUTICAL GROUP LTD;Health Care
601138;FOXCONN INDUSTRIAL INTERNET LTD A;Information Technology
1209;CHINA RESOURCES MIXC LIFESTYLE SER;Real Estate
1929;CHOW TAI FOOK JEWELLERY GROUP LTD;Consumer Discretionary
322;TINGYI (CAYMAN ISLANDS) HOLDINGS C;Consumer Staples
1988;CHINA MINSHENG BANKING CORP LTD H;Financials
3311;CHINA STATE CONSTRUCTION INTERNATI;Industrials
1114;BRILLIANCE CHINA AUTOMOTIVE HOLDIN;Consumer Discretionary
USD;USD CASH;Cash and/or Derivatives
358;JIANGXI COPPER LTD H;Materials
600809;SHANXI XINGHUACUN FEN WINE FACTORY;Consumer Staples
2380;CHINA POWER INTERNATIONAL DEVELOPM;Utilities
QFIN;QIFU TECHNOLOGY ADR INC;Financials
316;ORIENT OVERSEAS (INTERNATIONAL) LT;Industrials
1818;ZHAOJIN MINING INDUSTRY LTD H;Materials
390;CHINA RAILWAY GROUP LTD H;Industrials
1898;CHINA COAL ENERGY LTD H;Energy
600309;WANHUA CHEMICAL GROUP LTD A;Materials
2018;AAC TECHNOLOGIES HOLDINGS INC;Information Technology
3998;BOSIDENG INTERNATIONAL LTD;Consumer Discretionary
601088;CHINA SHENHUA ENERGY LTD A;Energy
2618;JD LOGISTICS INC;Industrials
002714;MUYUAN FOODS LTD A;Consumer Staples
9926;AKESO INC;Health Care
1044;HENGAN INTERNATIONAL GROUP LTD;Consumer Staples
601328;BANK OF COMMUNICATIONS LTD A;Financials
600276;JIANGSU HENGRUI MEDICINE LTD A;Health Care
9992;POP MART INTERNATIONAL GROUP LTD;Consumer Discretionary
241;ALIBABA HEALTH INFORMATION TECH LT;Consumer Staples
1585;YADEA GROUP HOLDINGS LTD;Consumer Discretionary
000568;LUZHOU LAO JIAO LTD A;Consumer Staples
9896;MINISO GROUP HOLDING LTD;Consumer Discretionary
1882;HAITIAN INTERNATIONAL LTD;Industrials
IQ;IQIYI ADS REPRESENTING INC;Communication
601225;SHAANXI COAL INDUSTRY LTD A;Energy
600000;SHANGHAI PUDONG DEVELOPMENT BANK L;Financials
601816;BEIJING-SHANGHAI HIGH SPEED RAILWA;Industrials
900948;INNER MONGOLIA YITAI COAL LTD B;Energy
6881;CHINA GALAXY SECURITIES LTD H;Financials
2883;CHINA OILFIELD SERVICES LTD H;Energy
601668;CHINA STATE CONSTRUCTION ENGINEERI;Industrials
3908;CHINA INTERNATIONAL CAPITAL CORP L;Financials
000333;MIDEA GROUP LTD A;Consumer Discretionary
3898;ZHUZHOU CRRC TIMES ELECTRIC LTD H;Industrials
6969;SMOORE INTERNATIONAL HOLDINGS LTD;Consumer Staples
600030;CITIC SECURITIES LTD A;Financials
2367;GIANT BIOGENE HOLDING LTD;Consumer Staples
144;CHINA MERCHANTS PORT HOLDINGS LTD;Industrials
6186;CHINA FEIHE LTD;Consumer Staples
002475;LUXSHARE PRECISION INDUSTRY LTD A;Information Technology
000001;PING AN BANK LTD A;Financials
601857;PETROCHINA LTD A;Energy
9863;ZHEJIANG LEAPMOTOR TECHNOLOGY LTD;Consumer Discretionary
1138;COSCO SHIPPING ENERGY TRANSPORTATI;Energy
392;BEIJING ENTERPRISES HOLDINGS LTD;Utilities
ATHM;AUTOHOME ADS REPRESENTING INC CLA;Communication
200596;ANHUI GUJING DISTILLERY LTD B;Consumer Staples
1336;NEW CHINA LIFE INSURANCE COMPANY L;Financials
6098;COUNTRY GARDEN SERVICES HOLDINGS L;Real Estate
270;GUANGDONG INVESTMENT LTD;Utilities
3808;SINOTRUK (HONG KONG) LTD;Industrials
9688;ZAI LAB LTD;Health Care
1787;SHANDONG GOLD MINING LTD H;Materials
600028;CHINA PETROLEUM & CHEMICAL CORP A;Energy
1066;SHANDONG WEIGAO GP MEDICAL POLYMER;Health Care
1908;C D INTERNATIONAL INVESTMENT GROUP;Real Estate
2202;CHINA VANKE LTD H;Real Estate
2359;WUXI APPTEC LTD H;Health Care
300059;EAST MONEY INFORMATION LTD A;Financials
1548;GENSCRIPT BIOTECH CORP;Health Care
600690;HAIER SMART HOME LTD A;Consumer Discretionary
763;ZTE CORP H;Information Technology
601601;CHINA PACIFIC INSURANCE (GROUP) LT;Financials
3323;CHINA NATIONAL BUILDING MATERIAL L;Materials
148;KINGBOARD HOLDINGS LTD;Information Technology
601919;COSCO SHIPPING HOLDINGS LTD A;Industrials
966;CHINA TAIPING INSURANCE HLDGS LTD;Financials
6886;HUATAI SECURITIES LTD H;Financials
2588;BOC AVIATION LTD;Industrials
3360;FAR EAST HORIZON LTD;Financials
600887;INNER MONGOLIA YILI INDUSTRIAL GRO;Consumer Staples
1347;HUA HONG SEMICONDUCTOR LTD;Information Technology
601985;CHINA NATIONAL NUCLEAR POWER LTD A;Utilities
002352;S.F. HOLDING LTD A;Industrials
600406;NARI TECHNOLOGY LTD A;Industrials
136;CHINA RUYI HOLDINGS LTD;Communication
881;ZHONGSHENG GROUP HOLDINGS LTD;Consumer Discretionary
6078;HYGEIA HEALTHCARE HOLDINGS LTD;Health Care
601766;CRRC CORP LTD A;Industrials
772;CHINA LITERATURE LTD;Communication
656;FOSUN INTERNATIONAL LTD;Industrials
603288;FOSHAN HAI TIAN FLAVOURING & FOOD;Consumer Staples
002142;BANK OF NINGBO LTD A;Financials
6837;HAITONG SECURITIES COMPANY LTD H;Financials
601988;BANK OF CHINA LTD A;Financials
177;JIANGSU EXPRESSWAY LTD H;Industrials
002371;NAURA TECHNOLOGY GROUP LTD A;Information Technology
371;BEIJING ENTERPRISES WATER GROUP LT;Utilities
600150;CHINA CSSC HOLDINGS LTD A;Industrials
000725;BOE TECHNOLOGY GROUP LTD A;Information Technology
6060;ZHONGAN ONLINE P & C INSURANCE COR;Financials
6110;TOPSPORTS INTERNATIONAL HOLDINGS L;Consumer Discretionary
2238;GUANGZHOU AUTOMOBILE GROUP LTD H;Consumer Discretionary
3320;CHINA RESOURCES PHARMACEUTICAL GRO;Health Care
600019;BAOSHAN IRON & STEEL LTD A;Materials
300498;WENS FOODSTUFF GROUP LTD;Consumer Staples
601658;POSTAL SAVINGS BANK OF CHINA LTD A;Financials
601818;CHINA EVERBRIGHT BANK LTD A;Financials
603993;CHINA MOLYBDENUM LTD A;Materials
900926;SHANGHAI BAOSIGHT SOFTWARE LTD B;Information Technology
696;TRAVELSKY TECHNOLOGY LTD H;Consumer Discretionary
1772;GANFENG LITHIUM LTD H;Materials
601888;CHINA TOURISM GROUP DUTY FREE CORP;Consumer Discretionary
600919;BANK OF JIANGSU CORPORATION LTD A;Financials
600050;CHINA UNITED NETWORK COMMUNICATION;Communication
002304;JIANGSU YANGHE BREWERY JOINT-STOCK;Consumer Staples
600031;SANY HEAVY INDUSTRY LTD A;Industrials
300274;SUNGROW POWER SUPPLY LTD A;Industrials
688041;HYGON INFORMATION TECHNOLOGY LTD A;Information Technology
123;YUEXIU PROPERTY COMPANY LTD;Real Estate
867;CHINA MEDICAL SYSTEM HOLDINGS LTD;Health Care
552;CHINA COMMUNICATIONS SERVICES CORP;Industrials
601390;CHINA RAILWAY GROUP LTD A;Industrials
2357;AVICHINA INDUSTRY & TECHNOLOGY LTD;Industrials
CNH;CNH CASH;Cash and/or Derivatives
600436;ZHANGZHOU PIENTZEHUANG PHARMACEUTI;Health Care
600016;CHINA MINSHENG BANKING CORP LTD A;Financials
601012;LONGI GREEN ENERGY TECHNOLOGY LTD;Information Technology
2607;SHANGHAI PHARMACEUTICALS HOLDING L;Health Care
576;ZHEJIANG EXPRESSWAY LTD H;Industrials
300308;ZHONGJI INNOLIGHT LTD A;Information Technology
600048;POLY DEVELOPMENTS AND HOLDINGS GRO;Real Estate
600905;CHINA THREE GORGES RENEWABLES(GROU;Utilities
1797;EAST BUY HOLDING LTD;Consumer Staples
6818;CHINA EVERBRIGHT BANK LTD H;Financials
601169;BANK OF BEIJING LTD A;Financials
601127;SERES GROUP LTD A;Consumer Discretionary
600886;SDIC POWER HOLDINGS LTD A;Utilities
1199;COSCO SHIPPING PORTS LTD;Industrials
753;AIR CHINA LTD H;Industrials
000625;CHONGQING CHANGAN AUTOMOBILE LTD A;Consumer Discretionary
2669;CHINA OVERSEAS PROPERTY HOLDINGS L;Real Estate
000651;GREE ELECTRIC APPLIANCES INC OF ZH;Consumer Discretionary
1776;GF SECURITIES LTD H;Financials
603501;WILL SEMICONDUCTOR SHANGHAI LTD A;Information Technology
600989;NINGXIA BAOFENG ENERGY GROUP LTD A;Materials
688111;BEIJING KINGSOFT OFFICE SOFTWARE I;Information Technology
1880;CHINA TOURISM GROUP DUTY FREE CLAS;Consumer Discretionary
600104;SAIC MOTOR CORP LTD A;Consumer Discretionary
1359;CHINA CINDA ASSET MANAGEMENT LTD H;Financials
601006;DAQIN RAILWAY LTD A;Industrials
688036;SHENZHEN TRANSSION HOLDINGS LTD A;Information Technology
300015;AIER EYE HOSPITAL GROUP LTD A;Health Care
601600;ALUMINUM CORPORATION OF CHINA LTD;Materials
631;SANY HEAVY EQUIPMENT INTERNATIONAL;Industrials
000596;ANHUI GUJING DISTILLERY LTD A;Consumer Staples
002493;RONGSHENG PETRO CHEMICAL LTD A;Materials
000338;WEICHAI POWER LTD A;Industrials
601229;BANK OF SHANGHAI LTD A;Financials
601009;BANK OF NANJING LTD A;Financials
000063;ZTE CORP A;Information Technology
603259;WUXI APPTEC LTD A;Health Care
000166;SHENWAN HONGYUAN GROUP LTD A;Financials
600999;CHINA MERCHANTS SECURITIES LTD A;Financials
600547;SHANDONG GOLD-MINING LTD A;Materials
489;DONGFENG MOTOR GROUP LTD H;Consumer Discretionary
601211;GUOTAI JUNAN SECURITIES LTD A;Financials
688271;SHANGHAI UNITED IMAGING HEALTHCARE;Health Care
000538;YUNNAN BAIYAO GROUP LTD A;Health Care
600346;HENGLI PETROCHEMICAL LTD A;Materials
6865;FLAT GLASS GROUP LTD H;Information Technology
600438;TONGWEI LTD A;Information Technology
600585;ANHUI CONCH CEMENT LTD A;Materials
601688;HUATAI SECURITIES LTD A;Financials
600188;YANKUANG ENERGY GROUP LTD A;Energy
002230;IFLYTEK LTD A;Information Technology
000792;QINGHAI SALT LAKE INDUSTRY LTD A;Materials
600795;GD POWER DEVELOPMENT LTD A;Utilities
002311;GUANGDONG HAID GROUP LTD A;Consumer Staples
600660;FUYAO GLASS INDUSTRY GROUP LTD A;Consumer Discretionary
600893;AECC AVIATION POWER LTD A;Industrials
601066;CHINA SECURITIES LTD A;Financials
002027;FOCUS MEDIA INFORMATION TECHNOLOGY;Communication
600015;HUA XIA BANK LTD A;Financials
601111;AIR CHINA LTD A;Industrials
600926;BANK OF HANGZHOU LTD A;Financials
601628;CHINA LIFE INSURANCE LTD A;Financials
2007;COUNTRY GARDEN HOLDINGS LTD;Real Estate
000425;XCMG CONSTRUCTION MACHINERY LTD A;Industrials
600837;HAITONG SECURITIES LTD CLASS A;Financials
601669;POWER CONSTRUCTION CORPORATION OF;Industrials
001979;CHINA MERCHANTS SHEKOU INDUSTRIAL;Real Estate
000895;HENAN SHUANGHUI INVESTMENT & DEVEL;Consumer Staples
000100;TCL TECHNOLOGY GROUP CORP A;Information Technology
600011;HUANENG POWER INTERNATIONAL INC A;Utilities
600674;SICHUAN CHUANTOU ENERGY LTD A;Utilities
000002;CHINA VANKE LTD A;Real Estate
300433;LENS TECHNOLOGY LTD A;Information Technology
300122;CHONGQING ZHIFEI BIOLOGICAL PRODUC;Health Care
601825;SHANGHAI RURAL COMMERCIAL BANK LTD;Financials
300124;SHENZHEN INOVANCE TECHNOLOGY LTD A;Industrials
601995;CHINA INTERNATIONAL CAPITAL CORP L;Financials
601872;CHINA MERCHANTS ENERGY SHIPPING LT;Energy
000776;GF SECURITIES LTD A;Financials
600089;TBEA LTD A;Industrials
2196;SHANGHAI FOSUN PHARMACEUTICAL (GRO;Health Care
600023;ZHEJIANG ZHENENG ELECTRIC POWER LT;Utilities
600111;CHINA NORTHERN RARE EARTH (GROUP);Materials
300014;EVE ENERGY LTD A;Industrials
603369;JIANGSU KINGS LUCK BREWERY LTD A;Consumer Staples
688012;ADVANCED MICRO-FABRICATION EQUIPME;Information Technology
601881;CHINA GALAXY SECURITIES LTD A;Financials
600845;SHANGHAI BAOSIGHT SOFTWARE LTD A;Information Technology
600029;CHINA SOUTHERN AIRLINES LTD A;Industrials
002648;SATELLITE CHEMICAL LTD A;Materials
601336;NEW CHINA LIFE INSURANCE LTD A;Financials
600489;ZHONGJIN GOLD CORP LTD A;Materials
000157;ZOOMLION HEAVY INDUSTRY SCIENCE AN;Industrials
601100;JIANGSU HENGLI HYDRAULIC LTD A;Industrials
601633;GREAT WALL MOTOR LTD A;Consumer Discretionary
003816;CGN POWER LTD A;Utilities
601901;FOUNDER SECURITIES LTD A;Financials
688256;CAMBRICON TECHNOLOGIES CORPORATION;Information Technology
600115;CHINA EASTERN AIRLINES CORP LTD A;Industrials
601868;CHINA ENERGY ENGINEERING CORP LTD;Industrials
600010;INNER MONGOLIA BAOTOU STEEL UNION;Materials
601939;CHINA CONSTRUCTION BANK CORP A;Financials
601689;NINGBO TUOPU GROUP CLS LTD A;Consumer Discretionary
000301;JIANGSU EASTERN SHENGHONG LTD A;Materials
688223;JINKO SOLAR LTD A;Information Technology
000999;CHINA RESOURCES SANJIU MEDICAL AND;Health Care
601916;CHINA ZHESHANG BANK LTD A;Financials
601699;SHANXI LUAN ENVIRONMENTAL ENERGY D;Energy
000983;SHANXI COKING COAL ENERGY GROUP LT;Energy
601838;BANK OF CHENGDU LTD A;Financials
300033;HITHINK ROYALFLUSH INFORMATION NET;Financials
300502;EOPTOLINK TECHNOLOGY INC LTD A;Information Technology
688008;MONTAGE TECHNOLOGY LTD A;Information Technology
600085;BEIJING TONGRENTANG LTD A;Health Care
600160;ZHEJIANG JU HUA LTD A;Materials
600703;SANAN OPTOELECTRONICS LTD A;Information Technology
300832;SHENZHEN NEW INDUSTRIES BIOMEDICAL;Health Care
601788;EVERBRIGHT SECURITIES LTD A;Financials
601618;METALLURGICAL CORP OF CHINA LTD A;Industrials
002241;GOERTEK INC A;Information Technology
002460;GANFENG LITHIUM GROUP LTD A;Materials
002463;WUS PRINTED CIRCUIT (KUNSHAN) LTD;Information Technology
000938;UNISPLENDOUR CORP LTD A;Information Technology
002001;ZHEJIANG NHU LTD A;Health Care
603195;GONEO GROUP LTD A;Industrials
600027;HUADIAN POWER INTERNATIONAL CORP L;Utilities
600958;ORIENT SECURITIES LTD A;Financials
002128;INNER MONGOLIA DIAN TOU ENERGY COR;Energy
600256;GUANGHUI ENERGY LTD A;Energy
600233;YTO EXPRESS GROUP LTD A;Industrials
600522;JIANGSU ZHONGTIAN TECHNOLOGY LTD A;Industrials
601360;360 SECURITY TECHNOLOGY INC A;Information Technology
600221;HAINAN AIRLINES HOLDING LTD A;Industrials
600026;COSCO SHIPPING ENERGY TRANSPORTATI;Energy
603392;BEIJING WANTAI BIOLOGICAL PHARMACY;Health Care
300408;CHAOZHOU THREE-CIRCLE (GROUP) LTD;Information Technology
002236;ZHEJIANG DAHUA TECHNOLOGY LTD A;Information Technology
601607;SHANGHAI PHARMACEUTICALS HOLDING L;Health Care
000977;INSPUR ELECTRONIC INFORMATION INDU;Information Technology
300394;SUZHOU TFC OPTICAL COMMUNICATION L;Information Technology
002938;AVARY HOLDING (SHENZHEN) LTD A;Information Technology
002736;GUOSEN SECURITIES LTD A;Financials
600039;SICHUAN ROAD & BRIDGE LTD A;Industrials
600426;SHANDONG HUALU-HENGSHENG CHEMICAL;Materials
600066;YUTONG BUS LTD A;Industrials
300896;IMEIK TECHNOLOGY DEVELOPMENT LTD A;Health Care
600600;TSINGTAO BREWERY LTD A;Consumer Staples
600176;CHINA JUSHI LTD A;Materials
603799;ZHEJIANG HUAYOU COBALT LTD A;Materials
601021;SPRING AIRLINES LTD A;Industrials
601727;SHANGHAI ELECTRIC GROUP LTD A;Industrials
601117;CHINA NATIONAL CHEMICAL ENGINEERIN;Industrials
603986;GIGADEVICE SEMICONDUCTOR INC A;Information Technology
002920;HUIZHOU DESAY SV AUTOMOTIVE LTD A;Consumer Discretionary
600985;HUAIBEI MINING HOLDINGS LTD A;Materials
600183;SHENGYI TECHNOLOGY LTD A;Information Technology
002466;TIANQI LITHIUM INDUSTRIES CORP A;Materials
601058;SAILUN GROUP LTD A;Consumer Discretionary
601319;THE PEOPLES INSURANCE COMPANY (GRO;Financials
605499;EASTROC BEVERAGE (GROUP) LTD A;Consumer Staples
600362;JIANGXI COPPER LTD A;Materials
000786;BEIJING NEW BUILDING MATERIALS PUB;Industrials
000933;HENAN SHENHUO COAL & POWER LTD A;Materials
600741;HUAYU AUTOMOTIVE SYSTEMS LTD A;Consumer Discretionary
000963;HUADONG MEDICINE LTD A;Health Care
002459;JA SOLAR TECHNOLOGY LTD A;Information Technology
688169;BEIJING ROBOROCK TECHNOLOGY LTD A;Consumer Discretionary
600875;DONGFANG ELECTRIC CORP LTD A;Industrials
000630;TONGLING NONFERROUS METALS GROUP L;Materials
002028;SIEYUAN ELECTRIC LTD A;Industrials
000975;YINTAI GOLD LTD A;Materials
688187;ZHUZHOU CRRC TIMES ELECTRIC LTD A;Industrials
000807;YUNNAN ALUMINIUM LTD A;Materials
300999;YIHAI KERRY ARAWANA HOLDINGS LTD A;Consumer Staples
601567;NINGBO SANXING MEDICAL ELECTRIC LT;Industrials
600161;BEIJING TIANTAN BIOLOGICAL PRODUCT;Health Care
000617;CNPC CAPITAL LTD A;Financials
002625;KUANG-CHI TECHNOLOGIES LTD A;Industrials
603806;HANGZHOU FIRST APPLIED MATERIAL LT;Information Technology
002078;SHANDONG SUNPAPER LTD A;Materials
603939;YIFENG PHARMACY CHAIN LTD A;Consumer Staples
600018;SHANGHAI INTERNATIONAL PORT (GROUP;Industrials
600803;ENN NATURAL GAS LTD A;Utilities
600415;ZHEJIANG CHINA COMMODITIES CITY GR;Consumer Discretionary
000661;CHANGCHUN HIGH & NEW TECHNOLOGY IN;Health Care
002916;SHENNAN CIRCUITS LTD A;Information Technology
002252;SHANGHAI RAAS BLOOD PRODUCTS LTD A;Health Care
600196;SHANGHAI FOSUN PHARMACEUTICAL (GRO;Health Care
603198;ANHUI YINGJIA DISTILLERY CO LID LT;Consumer Staples
600177;YOUNGOR FASHION LTD A;Real Estate
300413;MANGO EXCELLENT MEDIA LTD A;Communication
002422;SICHUAN KELUN PHARMACEUTICAL LTD A;Health Care
002601;LB GROUP LTD A;Materials
300782;MAXSCEND MICROELECTRONICS LTD A;Information Technology
688396;CHINA RESOURCES MICROELECTRONICS L;Information Technology
600918;ZHONGTAI SECURITIES LTD A;Financials
600009;SHANGHAI INTERNATIONAL AIRPORT LTD;Industrials
688599;TRINA SOLAR LTD A;Information Technology
601377;INDUSTRIAL SECURITIES LTD A;Financials
688009;CHINA RAILWAY SIGNAL & COMMUNICATI;Information Technology
000423;DONG-E-E-JIAO LTD A;Health Care
HSBFT;CASH COLLATERAL USD HSBFT;Cash and/or Derivatives
000876;NEW HOPE LIUHE LTD A;Consumer Staples
300628;YEALINK NETWORK TECHNOLOGY LTD A;Information Technology
600584;JCET GROUP LTD A;Information Technology
002129;TCL ZHONGHUAN RENEWABLE ENERGY TEC;Information Technology
300765;CSPC INNOVATION PHARMACEUTICAL LTD;Health Care
688303;XINJIANG DAQO NEW ENERGY LTD A;Information Technology
002049;UNIGROUP GUOXIN MICROELECTRONICS L;Information Technology
300418;KUNLUN TECH LTD A;Communication
601877;ZHEJIANG CHINT ELECTRICS LTD A;Industrials
605117;NINGBO DEYE TECHNOLOGY LTD A;Industrials
600096;YUNNAN YUNTIANHUA LTD A;Materials
000027;SHENZHEN ENERGY GROUP LTD A;Utilities
603260;HOSHINE SILICON INDUSTRY LTD A;Materials
300316;ZHEJIANG JINGSHENG MECHANICAL & EL;Information Technology
600332;GUANGZHOU BAIYUNSHAN PHARMACEUTICA;Health Care
600398;HLA GROUP CORP A;Consumer Discretionary
600219;SHANDONG NANSHAN ALUMINIUM LTD A;Materials
600642;SHENERGY LTD A;Utilities
601168;WESTERN MINING LTD A;Materials
002223;JIANGSU YUYUE MEDICAL EQUIPMENT &;Health Care
002812;YUNNAN ENERGY NEW MATERIALS LTD A;Materials
002074;GOTION HIGH-TECH LTD A;Industrials
603833;OPPEIN HOME GROUP INC A;Consumer Discretionary
002709;GUANGZHOU TINCI MATERIALS TECHNOLO;Materials
601233;TONGKUN GROUP LTD A;Materials
600061;SDIC CAPITAL LTD A;Financials
688777;SUPCON TECHNOLOGY LTD A;Information Technology
600487;HENGTONG OPTIC ELECTRIC LTD A;Information Technology
601238;GUANGZHOU AUTOMOBILE GROUP LTD A;Consumer Discretionary
600745;WINGTECH TECHNOLOGY LTD A;Information Technology
600733;BAIC BLUEPARK NEW ENERGY TECHNOLOG;Consumer Discretionary
300442;RANGE INTELLIGENT COMPUTING TECHNO;Information Technology
002050;ZHEJIANG SANHUA INTELLIGENT CONTRO;Industrials
601077;CHONGQING RURAL COMMERCIAL BANK LT;Financials
601865;FLAT GLASS GROUP LTD A;Information Technology
600515;HAINAN AIRPORT INFRASTRUCTURE LTD;Real Estate
000408;ZANGGE MINING LTD A;Materials
601878;ZHESHANG SECURITIES LTD A;Financials
688065;CATHAY BIOTECH INC A;Materials
601991;DATANG INTERNATIONAL POWER GENERAT;Utilities
600588;YONYOU NETWORK TECHNOLOGY LTD A;Information Technology
002032;ZHEJIANG SUPOR LTD A;Consumer Discretionary
002532;TIANSHAN ALUMINUM GROUP LTD A;Materials
002180;NINESTAR CORP A;Information Technology
600060;HISENSE VISUAL TECHNOLOGY LTD A;Consumer Discretionary
300661;SG MICRO CORP A;Information Technology
600079;HUMANWELL HEALTHCARE (GROUP) LTD A;Health Care
301236;ISOFTSTONE INFORMATION TECHNOLOGY;Information Technology
001965;CHINA MERCHANTS EXPRESSWAY NETWORK;Industrials
601958;JINDUICHENG MOLYBDENUM LTD A;Materials
300866;ANKER INNOVATIONS TECHNOLOGY LTD A;Information Technology
600570;HUNDSUN TECHNOLOGIES INC A;Information Technology
600418;ANHUI JIANGHUAI AUTOMOBILE CORP LT;Consumer Discretionary
002007;HUALAN BIOLOGICAL ENGINEERING INC;Health Care
002600;LINGYI ITECH (GUANGDONG) A;Information Technology
601179;CHINA XD ELECTRIC LTD A;Industrials
300759;PHARMARON BEIJING LTD A;Health Care
688188;SHANGHAI FRIENDESS ELECTRONICS TEC;Information Technology
002603;SHIJIAZHUANG YILING PHARMACEUTICAL;Health Care
600348;SHANXI HUAYANG GROUP NEW ENERGY LT;Energy
002064;HUAFON CHEMICAL LTD A;Materials
002673;WESTERN SECURITIES CO LTD A;Financials
600873;MEIHUA HOLDINGS GROUP LTD A;Consumer Staples
688126;NATIONAL SILICON INDUSTRY GROUP LT;Information Technology
600460;HANGZHOU SILAN MICROELECTRONICS LT;Information Technology
300751;SUZHOU MAXWELL TECHNOLOGIES LTD A;Information Technology
600132;CHONGQING BREWERY LTD A;Consumer Staples
601216;INNER MONGOLIA JUNZHENG ENERGY & C;Materials
000831;CHINA RARE EARTH RESOURCES AND TEC;Materials
002372;ZHEJIANG WEIXING NEW BUILDING MATE;Industrials
002340;GEM LTD A;Materials
601577;BANK OF CHANGSHA LTD A;Financials
600970;SINOMA INTERNATIONAL ENGINEERING L;Industrials
601198;DONGXING SECURITIES CORP LTD A;Financials
002294;SHENZHEN SALUBRIS PHARMACEUTICALS;Health Care
601799;CHANGZHOU XINGYU AUTOMOTIVE LIGHTI;Consumer Discretionary
002850;SHENZHEN KEDALI INDUSTRY LTD A;Consumer Discretionary
601108;CAITONG SECURITIES LTD A;Financials
603899;SHANGHAI M&G STATIONERY INC A;Industrials
002739;WANDA FILM HOLDING LTD A;Communication
603486;ECOVACS ROBOTICS LTD A;Consumer Discretionary
002555;37 INTERACTIVE ENTERTAINMENT NETWO;Communication
603156;HEBEI YANGYUAN ZHIHUI BEVERAGE LTD;Consumer Staples
603659;SHANGHAI PUTAILAI NEW ENERGY TECHN;Materials
000932;HUNAN VALIN STEEL LTD A;Materials
002444;HANG ZHOU GREAT STAR INDUSTRIAL LT;Consumer Discretionary
600895;SHANGHAI ZHANGJIANG HI-TECH PARK D;Real Estate
000988;HUAGONG TECH LTD A;Information Technology
600298;ANGEL YEAST LTD A;Consumer Staples
000800;FAW JIEFANG GROUP LTD A;Industrials
300919;CNGR ADVANCED MATERIAL LTD A;Materials
603568;ZHEJIANG WEIMING ENVIRONMENT PROTE;Industrials
603606;NINGBO ORIENT WIRES & CABLES LTD A;Industrials
600998;JOINTOWN PHARMACEUTICAL GROUP CO L;Health Care
600566;HUBEI JUMPCAN PHARMACEUTICAL LTD A;Health Care
002966;BANK OF SUZHOU LTD A;Financials
600546;SHANXI COAL INTERNATIONAL ENERGY L;Industrials
688122;WESTERN SUPERCONDUCTING TECHNOLOGI;Materials
002595;SHANDONG HIMILE MECHANICAL SCIENCE;Industrials
603658;AUTOBIO DIAGNOSTICS LTD A;Health Care
601696;BOC INTERNATIONAL (CHINA) LTD A;Financials
000066;CHINA GREATWALL TECHNOLOGY GROUP L;Information Technology
002080;SINOMA SCIENCE & TECHNOLOGY LTD A;Materials
600109;SINOLINK SECURITIES LTD A;Financials
000937;JIZHONG ENERGY RESOURCES LTD A;Energy
300146;BY-HEALTH LTD A;Consumer Staples
002202;GOLDWIND SCIENCE&TECHNOLOGY LTD A;Industrials
000728;GUOYUAN SECURITIES LTD A;Financials
300003;LEPU MEDICAL TECHNOLOGY BEIJING LT;Health Care
603816;JASON FURNITURE HANGZHOU LTD;Consumer Discretionary
300251;BEIJING ENLIGHT MEDIA LTD A;Communication
601155;SEAZEN HOLDINGS LTD A;Real Estate
301269;EMPYREAN TECHNOLOGY LTD A;Information Technology
603338;ZHEJIANG DINGLI MACHINERY LTD A;Industrials
002353;YANTAI JEREH OILFIELD SERVICES GRO;Energy
601928;JIANGSU PHOENIX PUBLISHING&MEDIA C;Communication
688072;PIOTECH INC A;Information Technology
601990;NANJING SECURITIES LTD A;Financials
002602;ZHEJIANG CENTURY HUATONG GROUP LTD;Communication
600369;SOUTHWEST SECURITIES LTD A;Financials
300207;SUNWODA ELECTRONIC LTD A;Industrials
002821;ASYMCHEM LABORATORIES (TIANJIN) LT;Health Care
600352;ZHEJIANG LONGSHENG GROUP LTD A;Materials
002756;YONGXING SPECIAL MATERIALS TECHNOL;Materials
601555;SOOCHOW SECURITIES CO LTD A;Financials
002939;CHINA GREATWALL SECURITIES LTD A;Financials
688120;HWATSING TECHNOLOGY LTD A;Information Technology
002409;JIANGSU YOKE TECHNOLOGY LTD A;Materials
300223;INGENIC SEMICONDUCTOR LTD A;Information Technology
603160;SHENZHEN GOODIX TECHNOLOGY LTD A;Information Technology
600497;YUNNAN CHIHONG ZINC&GERMANIUM LTD;Materials
002156;TONGFU MICROELECTRONICS LTD A;Information Technology
600021;SHANGHAI ELECTRIC POWER A;Utilities
002244;HANGZHOU BINJIANG REAL ESTATE GROU;Real Estate
000783;CHANGJIANG SECURITIES LTD A;Financials
000723;SHANXI MEIJIN ENERGY LTD A;Materials
600702;SHEDE SPIRITS LTD A;Consumer Staples
002797;FIRST CAPITAL SECURITIES LTD A;Financials
600157;WINTIME ENERGY GROUP LTD A;Utilities
603589;ANHUI KOUZI DISTILLERY LTD A;Consumer Staples
300699;WEIHAI GUANGWEI COMPOSITES LTD A;Materials
600988;CHIFENG JILONG GOLD MINING LTD A;Materials
600583;OFFSHORE OIL ENGINEERING LTD A;Energy
601966;SHANDONG LINGLONG TYRE CO LTD A;Consumer Discretionary
601231;UNIVERSAL SCIENTIFIC INDUSTRIAL (S;Information Technology
300496;THUNDER SOFTWARE TECHNOLOGY LTD A;Information Technology
002281;ACCELINK TECHNOLOGIES LTD A;Information Technology
600038;AVICOPTER PLC A;Industrials
002152;GRG BANKING EQUIPMENT LTD A;Information Technology
600673;GUANGDONG HEC TECHNOLOGY HOLDING L;Materials
002465;GUANGZHOU HAIGE COMMUNICATIONS GRO;Information Technology
000729;BEIJING YANJING BREWERY LTD A;Consumer Staples
600486;JIANGSU YANGNONG CHEMICAL LTD A;Materials
002185;TIANSHUI HUATIAN TECHNOLOGY LTD A;Information Technology
000009;CHINA BAOAN GROUP LTD A;Industrials
600153;XIAMEN C&D INC A;Industrials
002456;O FILM TECH LTD A;Information Technology
600536;CHINA NATIONAL SOFTWARE & SERVICE;Information Technology
601866;COSCO SHIPPING DEVELOPMENT LTD A;Industrials
688180;SHANGHAI JUNSHI BIOSCIENCES LTD A;Health Care
603596;BETHEL AUTOMOTIVE SAFETY SYSTEMS L;Consumer Discretionary
600511;CHINA NATIONAL MEDICINES CORP LTD;Health Care
688363;BLOOMAGE BIOTECHNOLOGY CORP LTD A;Health Care
300454;SANGFOR TECHNOLOGIES INC A;Information Technology
603345;ANJOY FOODS GROUP LTD A;Consumer Staples
601880;LIAONING PORT LTD A;Industrials
603000;PEOPLE.CN LTD A;Communication
002120;YUNDA HOLDING LTD A;Industrials
600655;SHANGHAI YUYUAN TOURIST MART LTD A;Consumer Discretionary
002568;SHANGHAI BAIRUN INVESTMENT HOLDING;Consumer Staples
600170;SHANGHAI CONSTRUCTION GROUP LTD A;Industrials
300724;SHENZHEN S.C NEW ENERGY TECHNOLOGY;Information Technology
603885;JUNEYAO AIRLINES LTD A;Industrials
000987;GUANGZHOU YUEXIU CAPITAL HOLDINGS;Financials
000738;AECC AERO-ENGINE CONTROL LTD A;Industrials
000513;LIVZON PHARMACEUTICAL GROUP INC A;Health Care
002262;JIANGSU NHWA PHARMACEUTICAL LTD A;Health Care
600704;WUCHAN ZHONGDA GROUP LTD A;Consumer Discretionary
300144;SONGCHENG PERFORMANCE DEVELOPMENT;Consumer Discretionary
300763;GINLONG TECHNOLOGIES LTD A;Industrials
002056;HENGDIAN GROUP DMEGC MAGNETICS LTD;Information Technology
002430;HANGZHOU OXYGEN PLANT GROUP LTD A;Materials
300487;XIAN SUNRESIN NEW MATERIALS LTD A;Materials
603529;AIMA TECHNOLOGY GROUP LTD A;Consumer Discretionary
603707;NANJING KING-FRIEND BIOCHEMICAL PH;Health Care
600004;GUANGZHOU BAIYUN INTERNATIONAL AIR;Industrials
000069;SHENZHEN OVERSEAS CHINESE TOWN LTD;Real Estate
300957;YUNNAN BOTANEE BIO-TECHNOLOGY GROU;Consumer Staples
600072;CSSC SCIENCE & TECHNOLOGY LTD A;Industrials
603737;SKSHU PAINT CO LTD A;Materials
600754;SHANGHAI JIN JIANG INTERNATIONAL H;Consumer Discretionary
000703;HENGYI PETROCHEMICAL LTD A;Materials
688538;EVERDISPLAY OPTRONICS (SHANGHAI) L;Information Technology
002517;KINGNET NETWORK LTD A;Communication
603688;JIANGSU PACIFIC QUARTZ LTD A;Information Technology
600839;SICHUAN CHANGHONG ELECTRIC LTD A;Consumer Discretionary
000683;INNER MONGOLIA YUAN XING ENERGY LT;Materials
600763;TOPCHOICE MEDICAL CORPORATION INC;Health Care
603290;STARPOWER SEMICONDUCTOR LTD A;Information Technology
600598;HEILONGJIANG AGRICULTURE LTD A;Consumer Staples
000960;YUNNAN TIN LTD A;Materials
600606;GREENLAND HOLDINGS GROUP CORPORATI;Real Estate
002738;SINOMINE RESOURCE GROUP LTD A;Materials
000733;CHINA ZHENHUA (GROUP) SCIENCE & TE;Information Technology
600378;HAOHUA CHEMICAL SCIENCE & TECHNOLO;Materials
000709;HBIS COMPANY LTD A;Materials
600705;AVIC INDUSTRY-FINANCE HOLDINGS LTD;Financials
002299;FUJIAN SUNNER DEVELOPMENT LTD A;Consumer Staples
600779;SICHUAN SWELLFUN LTD A;Consumer Staples
603728;SHANGHAI MOON ELECTRIC LTD A;Industrials
000629;PANGANG GROUP VANADIUM TITANIUM&RE;Materials
600848;SHANGHAI LINGANG HOLDINGS LTD A;Real Estate
600516;FANGDA CARBON NEW MATERIAL LTD A;Industrials
601456;GUOLIAN SECURITIES LTD A;Financials
002508;HANGZHOU ROBAM APPLIANCES LTD A;Consumer Discretionary
600732;SHANGHAI AIKO SOLAR ENERGY LTD A;Information Technology
000825;SHANXI TAIGANG STAINLESS STEEL LTD;Materials
600521;ZHEJIANG HUAHAI PHARMACEUTICAL LTD;Health Care
600884;NINGBO SHANSHAN LTD A;Materials
600549;XIAMEN TUNGSTEN LTD A;Materials
600977;CHINA FILM CO LTD A;Communication
600637;ORIENTAL PEARL GROUP LTD A;Communication
600129;CHONGQING TAIJI INDUSTRY (GROUP) L;Health Care
688082;ACM RESEARCH (SHANGHAI) INC A;Information Technology
002841;GUANGZHOU SHIYUAN ELECTRONIC TECHN;Information Technology
002831;SHENZHEN YUTO PACKAGING TECHNOLOGY;Materials
688728;GALAXYCORE INC A;Information Technology
002414;WUHAN GUIDE INFRARED LTD A;Information Technology
300601;SHENZHEN KANGTAI BIOLOGICAL PRODUC;Health Care
600699;NINGBO JOYSON ELECTRONIC CORP A;Consumer Discretionary
002384;SUZHOU DONGSHAN PRECISION MANUFACT;Information Technology
603882;GUANGZHOU KINGMED DIAGNOSTICS GROU;Health Care
601615;MING YANG SMART ENERGY GROUP LTD A;Industrials
603893;ROCKCHIP ELECTRONICS LTD A;Information Technology
002558;GIANT NETWORK GROUP LTD A;Communication
601933;YONGHUI SUPERSTORES LTD A;Consumer Staples
688114;MGI TECH LTD A;Health Care
688561;QI AN XIN TECHNOLOGY GROUP INC A;Information Technology
002271;BEIJING ORIENTAL YUHONG WATERPROOF;Materials
300373;YANGZHOU YANGJIE ELECTRONIC TECHNO;Information Technology
000021;SHENZHEN KAIFA TECHNOLOGY LTD A;Information Technology
300037;SHENZHEN CAPCHEM TECHNOLOGY LTD A;Materials
601162;TIANFENG SECURITIES LTD A;Financials
600380;JOINCARE PHARMACEUTICAL GROUP INDU;Health Care
688099;AMLOGIC (SHANGHAI) LTD A;Information Technology
600100;TSINGHUA TONGFANG LTD A;Information Technology
600166;BEIQI FOTON MOTOR LTD A;Consumer Discretionary
688032;HOYMILES POWER ELECTRONICS INC A;Industrials
603233;DASHENLIN PHARMACEUTICAL GROUP LTD;Consumer Staples
300604;HANGZHOU CHANG CHUAN TECHNOLOGY LT;Information Technology
600872;JONJEE HI-TECH INDUSTRIAL AND COMM;Consumer Staples
300142;WALVAX BIOTECHNOLOGY LTD A;Health Care
002624;PERFECT WORLD LTD A;Communication
603077;SICHUAN HEBANG BIOTECHNOLOGY LTD A;Materials
600563;XIAMEN FARATRONIC LTD A;Information Technology
600499;KEDA INDUSTRIAL GROUP LTD A;Industrials
300390;CANMAX TECHNOLOGIES LTD A;Materials
000591;CECEP SOLAR ENERGY LTD A;Utilities
300118;RISEN ENERGY LTD A;Information Technology
002385;BEIJING DABEINONG TECHNOLOGY GROUP;Consumer Staples
000799;JIUGUI LIQUOR LTD A;Consumer Staples
300347;HANGZHOU TIGERMED CONSULTING LTD A;Health Care
002607;OFFCN EDUCATION TECHNOLOGY LTD A;Consumer Discretionary
000032;SHENZHEN SED INDUSTRY LTD A;Industrials
000050;TIANMA MICROELECTRONICS LTD A;Information Technology
GBP;GBP CASH;Cash and/or Derivatives
603712;TIANJIN COMMUNICATION & BROADCAST;Information Technology
002176;JIANGXI SPECIAL ELECTRIC MOTOR LTD;Industrials
688390;JIANGSU GOODWE POWER SUPPLY TECHNO;Industrials
688220;ASR MICROELECTRONICS LTD A;Information Technology
688301;IRAY TECHNOLOGY LTD A;Health Care
002044;MEINIAN ONEHEALTH HEALTHCARE HOLDI;Health Care
000893;ASIA POTASH INTERNATIONAL INVESTME;Materials
688521;VERISILICON MICROELECTRONICS (SHAN;Information Technology
002240;CHENGXIN LITHIUM GROUP LTD A;Materials
EUR;EUR CASH;Cash and/or Derivatives
MARGIN_EUR;FUTURES EUR MARGIN BALANCE;Cash and/or Derivatives
MCYM4;MSCI CHINA A 50 CONNECT JUN 24;Cash and/or Derivatives